John##Doe#20#"123 Main Street, Apt 4B, City"#"1999-05-13"#Male#Marketing#Company A
Jane##Smith#22#"456 Elm Avenue, Unit 8, Town"#"1997-08-21"#Female#Human Resources#Company B

Michael#Allen#Johnson#21#"789 Oak Lane, Suite 12, Village"#"1998-12-05"#Male#Operations#Company C










Sarah##Williams#19#"321 Pine Road, Building 5, County"#"2001-03-29"#Female#Finance#Company D


Robert#James#Davis#23#"987 Mulberry Court, ""Apt 3C"", Borough"#"1996-09-17"#Male#Research and Development#Company A
















Emily#Grace#Wilson#20#"654 Maple Drive, ""Unit 2D"", Hamlet"#"1999-06-10"#Female#Marketing#Company B

Daniel#Thomas#Taylor#22#"321 Oakwood Avenue, ""Building A, Floor 2""# Village"#"1997-11-02"#Male#Operations#Company C

Olivia##Brown#19#"789 Willow Lane, ""Suite 6B"", Town"#"2002-01-15"#Female#Human Resources#Company D


David#Matthew#Anderson#21#"234 Elm Street, ""Apt 7C"", City"#"1998-07-04"#Male#Finance#Company A


Sophia##Martinez#20#"876 Cedar Road, ""Unit 1A"", County"#"1999-04-18"#Female#Research and Development#Company B











Michaela##Thompson#23#"345 Pinecrest Avenue, ""Floor 3, Suite 10"", Hamlet"#"1996-08-27"#Female#Operations#Company C



Christopher#William#Garcia#21#"654 Oakmont Court, ""Building B"", Town"#"1998-12-09"#Male#Marketing#Company D



John##O'Connor#24#"789 Main Street, Apt 1, City"#"1997-05-20"#Female#Human Resources#Company A


Mary#Louise#Johnson#25#"456 Elm Avenue, Unit 2, Town"#"1996-09-13"#Male#Finance#Company B